﻿[
    {
        "DATE_TIME": "lunes, 1 de junio de 2020",
        "PLANT_ID": "4136001",
        "SOURCE_KEY": "iq8k7ZNt4Mwm3w0",
        "AMBIENT_TEMPERATURE": "2,34702E+16",
        "MODULE_TEMPERATURE": "2,28296E+16",
        "IRRADIATION": "6,39194E+16"
    },
    {
        "DATE_TIME": "lunes, 1 de junio de 2020",
        "PLANT_ID": "4136001",
        "SOURCE_KEY": "iq8k7ZNt4Mwm3w0",
        "AMBIENT_TEMPERATURE": "2,36733E+16",
        "MODULE_TEMPERATURE": "2,33385E+16",
        "IRRADIATION": "2,09014E+16"
    },
    {
        "DATE_TIME": "lunes, 1 de junio de 2020",
        "PLANT_ID": "4136001",
        "SOURCE_KEY": "iq8k7ZNt4Mwm3w0",
        "AMBIENT_TEMPERATURE": "2,39792E+16",
        "MODULE_TEMPERATURE": "2,38863E+16",
        "IRRADIATION": "4,68731E+16"
    },
    {
        "DATE_TIME": "lunes, 1 de junio de 2020",
        "PLANT_ID": "4136001",
        "SOURCE_KEY": "iq8k7ZNt4Mwm3w0",
        "AMBIENT_TEMPERATURE": "2,42097E+16",
        "MODULE_TEMPERATURE": "2,5162E+16",
        "IRRADIATION": "6,97067E+16"
    },
    {
        "DATE_TIME": "lunes, 1 de junio de 2020",
        "PLANT_ID": "4136001",
        "SOURCE_KEY": "iq8k7ZNt4Mwm3w0",
        "AMBIENT_TEMPERATURE": "2,45673E+16",
        "MODULE_TEMPERATURE": "2,65871E+16",
        "IRRADIATION": "6,46242E+16"
    },
    {
        "DATE_TIME": "lunes, 1 de junio de 2020",
        "PLANT_ID": "4136001",
        "SOURCE_KEY": "iq8k7ZNt4Mwm3w0",
        "AMBIENT_TEMPERATURE": "2,48356E+16",
        "MODULE_TEMPERATURE": "2,7842E+16",
        "IRRADIATION": "1504371014"
    },
    {
        "DATE_TIME": "lunes, 1 de junio de 2020",
        "PLANT_ID": "4136001",
        "SOURCE_KEY": "iq8k7ZNt4Mwm3w0",
        "AMBIENT_TEMPERATURE": "2,53616E+16",
        "MODULE_TEMPERATURE": "3,02081E+16",
        "IRRADIATION": "1,6287E+16"
    },
    {
        "DATE_TIME": "lunes, 1 de junio de 2020",
        "PLANT_ID": "4136001",
        "SOURCE_KEY": "iq8k7ZNt4Mwm3w0",
        "AMBIENT_TEMPERATURE": "255112201",
        "MODULE_TEMPERATURE": "2,96953E+16",
        "IRRADIATION": "1,3207E+16"
    },
    {
        "DATE_TIME": "lunes, 1 de junio de 2020",
        "PLANT_ID": "4136001",
        "SOURCE_KEY": "iq8k7ZNt4Mwm3w0",
        "AMBIENT_TEMPERATURE": "2,56891E+16",
        "MODULE_TEMPERATURE": "2,96067E+16",
        "IRRADIATION": "161106645"
    },
    {
        "DATE_TIME": "lunes, 1 de junio de 2020",
        "PLANT_ID": "4136001",
        "SOURCE_KEY": "iq8k7ZNt4Mwm3w0",
        "AMBIENT_TEMPERATURE": "2,58384E+16",
        "MODULE_TEMPERATURE": "2,96984E+16",
        "IRRADIATION": "2,17574E+16"
    },
    {
        "DATE_TIME": "lunes, 1 de junio de 2020",
        "PLANT_ID": "4136001",
        "SOURCE_KEY": "iq8k7ZNt4Mwm3w0",
        "AMBIENT_TEMPERATURE": "2,6106E+15",
        "MODULE_TEMPERATURE": "3,0992E+16",
        "IRRADIATION": "2,81624E+16"
    },
    {
        "DATE_TIME": "lunes, 1 de junio de 2020",
        "PLANT_ID": "4136001",
        "SOURCE_KEY": "iq8k7ZNt4Mwm3w0",
        "AMBIENT_TEMPERATURE": "2,67854E+16",
        "MODULE_TEMPERATURE": "3,53831E+16",
        "IRRADIATION": "5,47219E+14"
    },
    {
        "DATE_TIME": "lunes, 1 de junio de 2020",
        "PLANT_ID": "4136001",
        "SOURCE_KEY": "iq8k7ZNt4Mwm3w0",
        "AMBIENT_TEMPERATURE": "2,75159E+16",
        "MODULE_TEMPERATURE": "3,97507E+15",
        "IRRADIATION": "6,60321E+16"
    },
    {
        "DATE_TIME": "lunes, 1 de junio de 2020",
        "PLANT_ID": "4136001",
        "SOURCE_KEY": "iq8k7ZNt4Mwm3w0",
        "AMBIENT_TEMPERATURE": "2,82458E+16",
        "MODULE_TEMPERATURE": "4,18187E+16",
        "IRRADIATION": "6,98736E+16"
    },
    {
        "DATE_TIME": "lunes, 1 de junio de 2020",
        "PLANT_ID": "4136001",
        "SOURCE_KEY": "iq8k7ZNt4Mwm3w0",
        "AMBIENT_TEMPERATURE": "2905904",
        "MODULE_TEMPERATURE": "4,63607E+16",
        "IRRADIATION": "8,13793E+15"
    },
    {
        "DATE_TIME": "lunes, 1 de junio de 2020",
        "PLANT_ID": "4136001",
        "SOURCE_KEY": "iq8k7ZNt4Mwm3w0",
        "AMBIENT_TEMPERATURE": "2,93947E+16",
        "MODULE_TEMPERATURE": "4,93506E+16",
        "IRRADIATION": "7,88344E+16"
    },
    {
        "DATE_TIME": "lunes, 1 de junio de 2020",
        "PLANT_ID": "4136001",
        "SOURCE_KEY": "iq8k7ZNt4Mwm3w0",
        "AMBIENT_TEMPERATURE": "2,93017E+16",
        "MODULE_TEMPERATURE": "4,75594E+16",
        "IRRADIATION": "6,25476E+16"
    },
    {
        "DATE_TIME": "lunes, 1 de junio de 2020",
        "PLANT_ID": "4136001",
        "SOURCE_KEY": "iq8k7ZNt4Mwm3w0",
        "AMBIENT_TEMPERATURE": "2,98226E+16",
        "MODULE_TEMPERATURE": "504896434",
        "IRRADIATION": "9,18448E+16"
    },
    {
        "DATE_TIME": "lunes, 1 de junio de 2020",
        "PLANT_ID": "4136001",
        "SOURCE_KEY": "iq8k7ZNt4Mwm3w0",
        "AMBIENT_TEMPERATURE": "3,01605E+16",
        "MODULE_TEMPERATURE": "4,97954E+15",
        "IRRADIATION": "6,88386E+16"
    },
    {
        "DATE_TIME": "lunes, 1 de junio de 2020",
        "PLANT_ID": "4136001",
        "SOURCE_KEY": "iq8k7ZNt4Mwm3w0",
        "AMBIENT_TEMPERATURE": "3,00995E+16",
        "MODULE_TEMPERATURE": "439329496",
        "IRRADIATION": "3,2E+16"
    },
    {
        "DATE_TIME": "lunes, 1 de junio de 2020",
        "PLANT_ID": "4136001",
        "SOURCE_KEY": "iq8k7ZNt4Mwm3w0",
        "AMBIENT_TEMPERATURE": "3,01654E+16",
        "MODULE_TEMPERATURE": "4,12362E+16",
        "IRRADIATION": "3,16755E+16"
    },
    {
        "DATE_TIME": "lunes, 1 de junio de 2020",
        "PLANT_ID": "4136001",
        "SOURCE_KEY": "iq8k7ZNt4Mwm3w0",
        "AMBIENT_TEMPERATURE": "3,05977E+16",
        "MODULE_TEMPERATURE": "4,32035E+16",
        "IRRADIATION": "4,54342E+16"
    },
    {
        "DATE_TIME": "lunes, 1 de junio de 2020",
        "PLANT_ID": "4136001",
        "SOURCE_KEY": "iq8k7ZNt4Mwm3w0",
        "AMBIENT_TEMPERATURE": "309631358",
        "MODULE_TEMPERATURE": "4,31681E+16",
        "IRRADIATION": "3,52625E+16"
    },
    {
        "DATE_TIME": "lunes, 1 de junio de 2020",
        "PLANT_ID": "4136001",
        "SOURCE_KEY": "iq8k7ZNt4Mwm3w0",
        "AMBIENT_TEMPERATURE": "3,07022E+16",
        "MODULE_TEMPERATURE": "3,96788E+16",
        "IRRADIATION": "4,8591E+16"
    },
    {
        "DATE_TIME": "lunes, 1 de junio de 2020",
        "PLANT_ID": "4136001",
        "SOURCE_KEY": "iq8k7ZNt4Mwm3w0",
        "AMBIENT_TEMPERATURE": "3,20973E+16",
        "MODULE_TEMPERATURE": "5,34779E+16",
        "IRRADIATION": "1,07978E+16"
    },
    {
        "DATE_TIME": "lunes, 1 de junio de 2020",
        "PLANT_ID": "4136001",
        "SOURCE_KEY": "iq8k7ZNt4Mwm3w0",
        "AMBIENT_TEMPERATURE": "3,23246E+15",
        "MODULE_TEMPERATURE": "5,60867E+16",
        "IRRADIATION": "7,52138E+16"
    },
    {
        "DATE_TIME": "lunes, 1 de junio de 2020",
        "PLANT_ID": "4136001",
        "SOURCE_KEY": "iq8k7ZNt4Mwm3w0",
        "AMBIENT_TEMPERATURE": "3,27136E+16",
        "MODULE_TEMPERATURE": "4,93169E+16",
        "IRRADIATION": "9,17015E+16"
    },
    {
        "DATE_TIME": "lunes, 1 de junio de 2020",
        "PLANT_ID": "4136001",
        "SOURCE_KEY": "iq8k7ZNt4Mwm3w0",
        "AMBIENT_TEMPERATURE": "3,29141E+16",
        "MODULE_TEMPERATURE": "4,85172E+16",
        "IRRADIATION": "5,20088E+16"
    }
]